City_ID,City,Country,Date,Lat,Lng,Max Temp,Humidity,Cloudiness,Wind Speed,Current Description
0,Kapaa,US,2022-04-30 23:18:32,22.0752,-159.319,82.38,76,40,18.41,scattered clouds
1,Nikolskoye,RU,2022-04-30 23:18:33,59.7035,30.7861,37.8,78,96,7.14,overcast clouds
2,Lorengau,PG,2022-04-30 23:18:33,-2.0226,147.2712,82.94,74,100,1.32,overcast clouds
3,Mandan,US,2022-04-30 23:18:33,46.8267,-100.8896,52.38,59,100,29.93,overcast clouds
4,Avarua,CK,2022-04-30 23:18:34,-21.2078,-159.775,84.25,74,20,9.22,few clouds
5,Yeppoon,AU,2022-04-30 23:18:34,-23.1333,150.7333,74.98,83,89,10.98,overcast clouds
6,Nobres,BR,2022-04-30 23:18:35,-14.7203,-56.3275,81.88,47,46,2.44,scattered clouds
7,Chicama,PE,2022-04-30 23:18:35,-7.8447,-79.1469,63.14,75,46,8.23,scattered clouds
8,Rikitea,PF,2022-04-30 23:18:36,-23.1203,-134.9692,75.97,75,68,10.67,moderate rain
9,Lufkin,US,2022-04-30 23:18:36,31.3382,-94.7291,85.48,65,75,3.44,broken clouds
10,Hithadhoo,MV,2022-04-30 23:18:37,-0.6,73.0833,85.06,68,100,14.07,overcast clouds
11,Salto,UY,2022-04-30 23:16:35,-31.3833,-57.9667,59.88,78,100,5.99,overcast clouds
12,Salalah,OM,2022-04-30 23:18:37,17.0151,54.0924,86.09,79,40,3.44,scattered clouds
13,Talavera De La Reina,ES,2022-04-30 23:18:38,39.9635,-4.8308,59.34,68,48,2.66,scattered clouds
14,Bluff,NZ,2022-04-30 23:18:38,-46.6,168.3333,57.79,89,100,11.05,light rain
15,Vila Do Maio,CV,2022-04-30 23:18:38,15.1333,-23.2167,70.59,79,69,12.88,broken clouds
16,Auki,SB,2022-04-30 23:18:39,-8.7676,160.7034,82.27,79,100,1.92,overcast clouds
17,Saint George,US,2022-04-30 23:18:39,37.1041,-113.5841,85.24,12,0,8.05,clear sky
18,Vaini,TO,2022-04-30 23:18:39,-21.2,-175.2,80.76,89,75,10.36,broken clouds
19,Itoman,JP,2022-04-30 23:18:40,26.1247,127.6694,71.62,76,75,9.22,broken clouds
20,Fortuna,US,2022-04-30 23:18:40,40.5982,-124.1573,59.94,66,100,10.36,overcast clouds
21,Maarianhamina,AX,2022-04-30 23:15:28,60.0973,19.9348,31.86,100,0,1.14,light snow
22,Mayo,US,2022-04-30 23:18:41,38.8876,-76.5119,68.13,41,0,8.05,clear sky
23,North Bend,US,2022-04-30 23:18:41,43.4065,-124.2243,56.91,90,100,14.97,mist
24,Sangar,RU,2022-04-30 23:16:58,63.9242,127.4739,30.33,82,89,15.12,overcast clouds
25,Butaritari,KI,2022-04-30 23:18:42,3.0707,172.7902,81.0,81,78,13.53,broken clouds
26,Sitka,US,2022-04-30 23:18:42,57.0531,-135.33,49.89,62,40,3.44,scattered clouds
27,Busselton,AU,2022-04-30 23:18:43,-33.65,115.3333,54.77,87,0,5.32,clear sky
28,Hambantota,LK,2022-04-30 23:18:43,6.1241,81.1185,80.98,85,100,13.96,overcast clouds
29,Egvekinot,RU,2022-04-30 23:18:44,66.3167,-179.1667,16.99,77,100,9.86,overcast clouds
30,Mataura,NZ,2022-04-30 23:18:44,-46.1927,168.8643,57.47,73,100,3.71,light rain
31,Valdepenas,ES,2022-04-30 23:16:01,38.7621,-3.3848,58.86,69,96,6.69,overcast clouds
32,Puerto Ayora,EC,2022-04-30 23:18:45,-0.7393,-90.3518,74.25,83,62,7.4,broken clouds
33,Punta Arenas,CL,2022-04-30 23:17:13,-53.15,-70.9167,41.11,80,87,6.87,overcast clouds
34,Chuy,UY,2022-04-30 23:15:37,-33.6971,-53.4616,53.62,75,100,5.01,moderate rain
35,Lebu,CL,2022-04-30 23:18:46,-37.6167,-73.65,50.85,77,1,14.12,clear sky
36,Husavik,IS,2022-04-30 23:18:46,66.0449,-17.3389,46.6,71,99,9.42,overcast clouds
37,Bambous Virieux,MU,2022-04-30 23:18:47,-20.3428,57.7575,77.25,83,40,6.91,scattered clouds
38,Chokurdakh,RU,2022-04-30 23:18:47,70.6333,147.9167,19.06,91,59,8.63,broken clouds
39,Bell Ville,AR,2022-04-30 23:18:48,-32.6259,-62.6887,50.67,51,15,7.78,few clouds
40,Basoko,CD,2022-04-30 23:18:48,1.2391,23.616,71.76,95,85,2.53,light rain
41,Tahe,CN,2022-04-30 23:18:48,52.3333,124.7333,38.46,30,3,1.92,clear sky
42,Ushuaia,AR,2022-04-30 23:18:49,-54.8,-68.3,38.86,70,20,4.61,few clouds
43,Maddela,PH,2022-04-30 23:18:49,16.3414,121.6849,76.53,84,75,1.92,broken clouds
44,Touros,BR,2022-04-30 23:18:50,-5.1989,-35.4608,80.47,75,18,16.11,few clouds
45,Chapleau,CA,2022-04-30 23:18:50,47.8405,-83.4034,59.09,15,75,9.22,broken clouds
46,Alofi,NU,2022-04-30 23:18:50,-19.0595,-169.9187,76.89,94,94,4.61,overcast clouds
47,Linxia,CN,2022-04-30 23:18:51,35.6003,103.2064,38.77,72,100,2.39,overcast clouds
48,Barrow,US,2022-04-30 23:18:51,71.2906,-156.7887,24.82,74,0,5.75,clear sky
49,Hilo,US,2022-04-30 23:14:28,19.7297,-155.09,79.29,83,100,6.91,overcast clouds
50,Albany,US,2022-04-30 23:18:52,42.6001,-73.9662,56.79,58,79,8.21,broken clouds
51,Ilebo,CD,2022-04-30 23:18:52,-4.3167,20.5833,71.76,97,84,1.7,light rain
52,Hobart,AU,2022-04-30 23:18:52,-42.8794,147.3294,61.05,54,40,14.97,scattered clouds
53,Tarko-Sale,RU,2022-04-30 23:18:53,64.9225,77.785,25.59,84,93,19.15,overcast clouds
54,Tabou,CI,2022-04-30 23:18:53,4.423,-7.3528,80.71,80,88,6.55,light rain
55,Surazh,RU,2022-04-30 23:18:53,53.0175,32.3918,37.71,64,17,3.44,few clouds
56,Tuktoyaktuk,CA,2022-04-30 23:18:54,69.4541,-133.0374,35.6,75,40,9.22,scattered clouds
57,Cacule,BR,2022-04-30 23:18:54,-14.5033,-42.2222,75.36,57,40,4.92,scattered clouds
58,Thompson,CA,2022-04-30 23:18:55,55.7435,-97.8558,39.36,60,100,11.5,overcast clouds
59,Zhicheng,CN,2022-04-30 23:18:55,30.2956,111.5047,58.41,84,100,1.03,overcast clouds
60,Wanning,CN,2022-04-30 23:18:56,18.8003,110.3967,76.42,93,100,5.77,light rain
61,Takoradi,GH,2022-04-30 23:18:56,4.8845,-1.7554,80.67,84,49,7.83,scattered clouds
62,Namibe,AO,2022-04-30 23:18:57,-15.1961,12.1522,74.66,83,24,7.02,few clouds
63,Cacoal,BR,2022-04-30 23:18:57,-11.4386,-61.4472,77.7,78,86,1.12,overcast clouds
64,Pevek,RU,2022-04-30 23:18:57,69.7008,170.3133,8.65,92,95,6.2,overcast clouds
65,Tazovskiy,RU,2022-04-30 23:18:58,67.4667,78.7,9.34,92,63,7.83,broken clouds
66,Cape Town,ZA,2022-04-30 23:18:58,-33.9258,18.4232,60.91,84,0,5.75,clear sky
67,Progreso,MX,2022-04-30 23:18:59,21.2833,-89.6667,80.71,66,45,5.41,scattered clouds
68,Skegness,GB,2022-04-30 23:18:59,53.1436,0.3363,53.67,80,100,5.32,overcast clouds
69,Santa Cruz,BO,2022-04-30 23:16:06,-17.8,-63.1667,77.05,69,2,8.05,clear sky
70,Mar Del Plata,AR,2022-04-30 23:19:00,-38.0023,-57.5575,51.87,69,0,5.01,clear sky
71,Jamestown,US,2022-04-30 23:19:00,42.097,-79.2353,60.44,25,0,8.05,clear sky
72,Bethel,US,2022-04-30 23:19:00,41.3712,-73.414,62.96,41,0,8.05,clear sky
73,Merauke,ID,2022-04-30 23:19:01,-8.4667,140.3333,80.89,84,100,13.85,moderate rain
74,Hervey Bay,AU,2022-04-30 23:19:01,-25.2986,152.8535,72.01,92,67,5.99,broken clouds
75,Victoria,HK,2022-04-30 23:15:57,22.2855,114.1577,74.32,89,100,11.01,light rain
76,Lusaka,ZM,2022-04-30 23:19:02,-15.4067,28.2871,57.29,61,0,3.56,clear sky
77,Sena Madureira,BR,2022-04-30 23:19:03,-9.0656,-68.6569,79.81,67,70,1.59,broken clouds
78,Sisimiut,GL,2022-04-30 23:19:03,66.9395,-53.6735,21.51,67,8,4.27,clear sky
79,Lagoa,PT,2022-04-30 23:19:03,39.05,-27.9833,60.8,86,0,9.1,clear sky
80,Calabozo,VE,2022-04-30 23:19:04,8.9242,-67.4293,75.85,87,100,5.68,overcast clouds
81,Lasa,IT,2022-04-30 23:19:04,46.6166,10.7002,43.36,95,99,3.15,overcast clouds
82,Diffa,NE,2022-04-30 23:19:05,13.3154,12.6113,89.01,29,94,5.79,overcast clouds
83,Olafsvik,IS,2022-04-30 23:19:05,64.8945,-23.7142,44.1,85,99,15.1,overcast clouds
84,Sungaipenuh,ID,2022-04-30 23:19:05,-2.0833,101.3833,65.44,97,100,1.07,overcast clouds
85,Komsomolskiy,UZ,2022-04-30 23:19:06,40.4272,71.7189,65.12,63,20,6.91,few clouds
86,Mchinji,MW,2022-04-30 23:19:06,-13.7984,32.8802,57.24,83,4,2.64,clear sky
87,Bredasdorp,ZA,2022-04-30 23:19:07,-34.5322,20.0403,54.86,90,29,5.17,scattered clouds
88,Bol,TD,2022-04-30 23:19:07,13.4586,14.7147,86.61,47,99,8.68,overcast clouds
89,Ambilobe,MG,2022-04-30 23:19:08,-13.2,49.05,72.03,96,17,2.8,few clouds
90,Chapais,CA,2022-04-30 23:19:08,49.7834,-74.8492,46.18,79,11,5.39,few clouds
91,Pochinki,RU,2022-04-30 23:19:08,54.6988,44.8668,31.8,78,20,6.6,few clouds
92,Narsaq,GL,2022-04-30 23:19:09,60.9167,-46.05,50.22,73,40,0.58,scattered clouds
93,Neuquen,AR,2022-04-30 23:16:14,-38.9516,-68.0591,53.49,43,0,3.44,clear sky
94,Rocha,UY,2022-04-30 23:19:10,-34.4833,-54.3333,54.36,74,98,4.21,overcast clouds
95,Kavieng,PG,2022-04-30 23:19:10,-2.5744,150.7967,83.73,69,93,1.5,overcast clouds
96,Ketchikan,US,2022-04-30 23:19:10,55.3422,-131.6461,55.87,41,0,10.36,clear sky
97,Vao,NC,2022-04-30 23:19:11,-22.6667,167.4833,75.43,83,54,22.48,broken clouds
98,Kadungora,ID,2022-04-30 23:19:11,-7.0899,107.8864,72.61,94,99,0.65,overcast clouds
99,Sao Joao Da Barra,BR,2022-04-30 23:19:11,-21.6403,-41.0511,74.44,84,37,4.81,scattered clouds
100,Mount Isa,AU,2022-04-30 23:19:12,-20.7333,139.5,76.77,61,39,8.05,scattered clouds
101,Saint-Philippe,RE,2022-04-30 23:19:12,-21.3585,55.7679,74.79,78,12,8.93,few clouds
102,Carnarvon,AU,2022-04-30 23:19:12,-24.8667,113.6333,62.67,59,0,5.75,clear sky
103,Wittingen,DE,2022-04-30 23:19:13,52.7269,10.7361,50.99,79,100,6.42,overcast clouds
104,Klaksvik,FO,2022-04-30 23:19:14,62.2266,-6.589,45.52,87,41,6.76,scattered clouds
105,Alta Floresta,BR,2022-04-30 23:19:14,-9.8756,-56.0861,74.1,73,61,3.04,broken clouds
106,Faanui,PF,2022-04-30 23:19:14,-16.4833,-151.75,81.28,72,12,14.03,light rain
107,Andenes,NO,2022-04-30 23:19:15,69.3143,16.1194,30.18,93,100,10.36,overcast clouds
108,Zhezkazgan,KZ,2022-04-30 23:16:33,47.8043,67.7144,64.58,37,95,1.72,overcast clouds
109,Arraial Do Cabo,BR,2022-04-30 23:19:15,-22.9661,-42.0278,74.1,86,98,12.71,light rain
110,Salinopolis,BR,2022-04-30 23:19:16,-0.6136,-47.3561,77.45,89,77,7.65,light rain
111,Georgetown,MY,2022-04-30 23:14:57,5.4112,100.3354,82.33,89,20,0.0,few clouds
112,Dikson,RU,2022-04-30 23:19:16,73.5069,80.5464,17.44,94,100,17.16,overcast clouds
113,Templin,DE,2022-04-30 23:19:17,53.1186,13.5022,46.81,88,75,4.23,broken clouds
114,Ust-Nera,RU,2022-04-30 23:19:17,64.5667,143.2,32.23,89,96,6.82,overcast clouds
115,Upernavik,GL,2022-04-30 23:19:17,72.7868,-56.1549,9.81,78,35,4.45,scattered clouds
116,Birjand,IR,2022-04-30 23:19:18,32.8663,59.2211,70.27,37,100,6.91,dust
117,Guerrero Negro,MX,2022-04-30 23:19:18,27.9769,-114.0611,66.52,62,81,17.22,broken clouds
118,Souillac,MU,2022-04-30 23:19:19,-20.5167,57.5167,77.38,83,40,6.91,scattered clouds
119,Vardo,NO,2022-04-30 23:19:19,70.3705,31.1107,27.05,83,93,17.38,light snow
120,Dondo,MZ,2022-04-30 23:19:20,-19.6094,34.7431,67.51,88,0,3.94,clear sky
121,Atuona,PF,2022-04-30 23:19:20,-9.8,-139.0333,79.02,76,9,11.21,clear sky
122,Pinillos,CO,2022-04-30 23:19:20,8.9193,-74.4677,83.52,76,81,1.5,broken clouds
123,Mogadishu,SO,2022-04-30 23:17:12,2.0371,45.3438,81.63,78,100,8.61,moderate rain
124,Saint-Francois,FR,2022-04-30 23:19:21,46.4154,3.9054,42.67,87,0,2.3,clear sky
125,Pemba,MZ,2022-04-30 23:19:22,-12.974,40.5178,74.1,83,20,8.05,few clouds
126,Denizli,TR,2022-04-30 23:15:11,37.8402,29.0698,58.41,82,59,5.17,broken clouds
127,Sao Filipe,CV,2022-04-30 23:19:23,14.8961,-24.4956,73.44,72,85,8.1,overcast clouds
128,Palora,EC,2022-04-30 23:19:23,-1.7,-77.9333,68.11,97,99,2.01,overcast clouds
129,East London,ZA,2022-04-30 23:19:07,-33.0153,27.9116,61.97,70,2,11.99,clear sky
130,Kirakira,SB,2022-04-30 23:19:24,-10.4544,161.9205,83.97,72,100,3.36,overcast clouds
131,Port Alfred,ZA,2022-04-30 23:19:24,-33.5906,26.891,59.63,83,6,13.06,clear sky
132,New Norfolk,AU,2022-04-30 23:19:25,-42.7826,147.0587,60.71,62,93,4.0,overcast clouds
133,Calvinia,ZA,2022-04-30 23:19:25,-31.4707,19.776,55.71,37,31,4.94,scattered clouds
134,Parati,BR,2022-04-30 23:19:25,-23.2178,-44.7131,69.55,96,100,2.24,overcast clouds
135,Ciudad Bolivar,VE,2022-04-30 23:19:26,8.1222,-63.5497,89.98,42,99,6.64,overcast clouds
136,Altamira,BR,2022-04-30 23:19:26,-3.2033,-52.2064,74.19,97,71,0.92,broken clouds
137,Tiksi,RU,2022-04-30 23:19:27,71.6872,128.8694,33.57,95,100,12.1,overcast clouds
138,Yellowknife,CA,2022-04-30 23:19:27,62.456,-114.3525,35.56,60,0,8.05,clear sky
139,Alice Springs,AU,2022-04-30 23:16:40,-23.7,133.8833,60.35,67,100,8.05,overcast clouds
140,Bokaa,BW,2022-04-30 23:19:28,-24.45,26.0167,63.21,50,10,5.21,clear sky
141,Altay,CN,2022-04-30 23:19:29,47.8667,88.1167,50.85,30,96,9.57,overcast clouds
142,Castro,BR,2022-04-30 23:19:29,-24.7911,-50.0119,60.69,96,56,4.99,broken clouds
143,Omboue,GA,2022-04-30 23:19:29,-1.5746,9.2618,78.4,92,100,5.5,overcast clouds
144,Maceio,BR,2022-04-30 23:16:45,-9.6658,-35.7353,74.64,88,40,2.3,scattered clouds
145,Kenai,US,2022-04-30 23:19:30,60.5544,-151.2583,49.03,50,40,18.41,scattered clouds
146,La Ronge,CA,2022-04-30 23:19:30,55.1001,-105.2842,46.65,53,40,6.91,scattered clouds
147,Voh,NC,2022-04-30 23:19:31,-20.9667,164.7,80.51,66,1,3.98,clear sky
148,Poyarkovo,RU,2022-04-30 23:19:31,49.6,128.6833,43.74,66,100,6.4,overcast clouds
149,Berezovyy,RU,2022-04-30 23:19:32,51.6667,135.7,36.01,74,100,5.08,overcast clouds
150,Ulundi,ZA,2022-04-30 23:19:34,-28.3352,31.4162,58.35,81,29,4.97,scattered clouds
151,Kungurtug,RU,2022-04-30 23:19:34,50.5994,97.5228,38.98,62,80,2.04,broken clouds
152,Nanortalik,GL,2022-04-30 23:19:35,60.1432,-45.2371,36.45,88,99,3.02,overcast clouds
153,Deputatskiy,RU,2022-04-30 23:15:55,69.3,139.9,18.32,79,22,3.18,few clouds
154,Qaanaaq,GL,2022-04-30 23:19:36,77.484,-69.3632,10.83,79,66,3.83,broken clouds
155,Provideniya,RU,2022-04-30 23:19:37,64.3833,-173.3,32.18,87,100,16.91,light snow
156,Cidreira,BR,2022-04-30 23:19:38,-30.1811,-50.2056,66.72,72,100,9.62,light rain
157,Torbay,CA,2022-04-30 23:19:38,47.6666,-52.7314,43.75,96,100,8.05,light rain
158,Karlivka,UA,2022-04-30 23:19:39,49.4567,35.1295,45.5,73,64,5.95,broken clouds
159,Sao Jose Da Coroa Grande,BR,2022-04-30 23:19:39,-8.8978,-35.1478,77.38,81,100,9.28,overcast clouds
160,Tasiilaq,GL,2022-04-30 23:19:39,65.6145,-37.6368,33.96,68,32,2.46,scattered clouds
161,Geraldton,AU,2022-04-30 23:19:40,-28.7667,114.6,54.01,76,0,11.5,clear sky
162,Talakan,RU,2022-04-30 23:19:41,50.3167,130.3667,45.9,53,99,2.77,overcast clouds
163,Longuenesse,FR,2022-04-30 23:19:41,50.734,2.2352,43.41,91,72,2.1,broken clouds
164,Timmins,CA,2022-04-30 23:19:41,48.4669,-81.3331,57.02,18,40,14.97,scattered clouds
165,Sinegorye,RU,2022-04-30 23:19:42,62.0788,150.477,28.33,86,59,1.88,broken clouds
166,Pogranichnyy,RU,2022-04-30 23:19:43,44.4064,131.3769,38.44,89,93,8.41,overcast clouds
167,Ribeira Grande,PT,2022-04-30 23:19:43,38.5167,-28.7,62.42,83,46,5.99,scattered clouds
168,Ponta Do Sol,PT,2022-04-30 23:19:44,32.6667,-17.1,66.83,65,0,2.95,clear sky
169,Torata,PE,2022-04-30 23:19:44,-17.0769,-70.8433,61.83,46,4,2.66,clear sky
170,Cabo San Lucas,MX,2022-04-30 23:19:44,22.8909,-109.9124,84.61,36,40,9.22,scattered clouds
171,Mendi,PG,2022-04-30 23:19:46,-6.1761,143.6513,64.83,65,96,0.27,overcast clouds
172,Kahului,US,2022-04-30 23:19:46,20.8947,-156.47,80.62,68,40,19.57,scattered clouds
173,Kodiak,US,2022-04-30 23:19:46,57.79,-152.4072,40.51,87,100,31.07,mist
174,Varhaug,NO,2022-04-30 23:19:47,58.6147,5.6457,44.15,86,75,13.22,broken clouds
175,Port Blair,IN,2022-04-30 23:19:47,11.6667,92.75,82.08,73,82,2.95,broken clouds
176,Half Moon Bay,US,2022-04-30 23:19:48,37.4636,-122.4286,71.67,75,100,20.71,mist
177,Taoudenni,ML,2022-04-30 23:19:48,22.6783,-3.9836,80.33,19,0,15.7,clear sky
178,San Patricio,US,2022-04-30 23:19:48,28.017,-97.5169,86.72,59,50,17.25,scattered clouds
179,Gimli,CA,2022-04-30 23:19:49,50.6336,-96.9907,37.42,100,100,18.41,moderate rain
180,Makkaveyevo,RU,2022-04-30 23:19:49,51.7533,113.9454,41.56,84,63,2.15,broken clouds
181,Mangrol,IN,2022-04-30 23:19:50,21.1167,70.1167,81.72,87,0,9.73,clear sky
182,Brigantine,US,2022-04-30 23:17:46,39.4101,-74.3646,59.2,68,0,12.66,clear sky
183,Adrar,MR,2022-04-30 23:19:50,20.5022,-10.0711,79.84,11,0,8.86,clear sky
184,Qeshm,IR,2022-04-30 23:19:51,26.9581,56.2719,80.49,70,0,17.49,clear sky
185,Cherskiy,RU,2022-04-30 23:14:58,68.75,161.3,20.39,83,91,8.25,overcast clouds
186,Tombouctou,ML,2022-04-30 23:19:52,20.0,-3.0,80.31,12,0,11.14,clear sky
187,Bengkulu,ID,2022-04-30 23:19:53,-3.8004,102.2655,74.84,93,94,5.64,moderate rain
188,Katsuura,JP,2022-04-30 23:19:53,35.1333,140.3,59.77,73,100,13.62,overcast clouds
189,Kruisfontein,ZA,2022-04-30 23:19:54,-34.0033,24.7314,52.88,77,6,6.89,clear sky
190,Pathein,MM,2022-04-30 23:19:54,16.7833,94.7333,78.55,86,23,4.59,few clouds
191,Saskylakh,RU,2022-04-30 23:15:59,71.9167,114.0833,8.17,88,100,16.08,overcast clouds
192,Namatanai,PG,2022-04-30 23:20:31,-3.6667,152.4333,83.39,69,88,2.44,overcast clouds
193,Darhan,MN,2022-04-30 23:20:31,49.4867,105.9228,50.61,45,82,4.38,broken clouds
194,Broken Hill,AU,2022-04-30 23:20:32,-31.95,141.4333,58.71,63,0,5.75,clear sky
195,Manaus,BR,2022-04-30 23:16:57,-3.1019,-60.025,81.09,89,0,4.61,clear sky
196,San Quintin,MX,2022-04-30 23:20:33,30.4833,-115.95,65.7,66,85,12.64,overcast clouds
197,Sechura,PE,2022-04-30 23:20:33,-5.5569,-80.8222,75.16,63,93,17.98,overcast clouds
198,Jardim,BR,2022-04-30 23:20:33,-21.4803,-56.1381,80.96,44,81,4.43,broken clouds
199,Linjiang,CN,2022-04-30 23:20:37,41.8069,126.9078,42.98,63,54,2.82,broken clouds
200,Ginir,ET,2022-04-30 23:18:11,7.1333,40.7,57.31,88,58,5.26,light rain
201,Sahuaripa,MX,2022-04-30 23:20:39,29.05,-109.2333,96.01,5,49,12.53,scattered clouds
202,Wuwei,CN,2022-04-30 23:20:39,37.9281,102.6414,43.75,44,94,2.77,overcast clouds
203,Bella Union,UY,2022-04-30 23:20:40,-30.2752,-57.6007,57.18,70,99,8.21,overcast clouds
204,Bailleul,FR,2022-04-30 23:16:14,50.7359,2.7359,43.57,85,48,3.94,scattered clouds
205,Queanbeyan,AU,2022-04-30 23:20:41,-35.35,149.2333,53.19,85,0,2.3,clear sky
206,Kichmengskiy Gorodok,RU,2022-04-30 23:20:41,59.9816,45.7854,23.99,90,14,4.63,few clouds
207,Muskegon,US,2022-04-30 23:20:42,43.3,-86.1334,58.01,46,75,26.46,broken clouds
208,Saint-Joseph,RE,2022-04-30 23:20:42,-21.3667,55.6167,73.78,78,20,5.93,few clouds
209,Weinsberg,DE,2022-04-30 23:20:43,49.1503,9.2883,51.28,100,100,2.8,overcast clouds
210,Okhotsk,RU,2022-04-30 23:20:44,59.3833,143.3,35.71,80,33,8.25,scattered clouds
211,Kigorobya,UG,2022-04-30 23:20:44,1.6162,31.3089,66.25,88,74,2.68,light rain
212,Manaure,CO,2022-04-30 23:20:44,11.7751,-72.4445,85.82,68,100,5.97,overcast clouds
213,Ngunguru,NZ,2022-04-30 23:20:45,-35.6167,174.5,65.46,70,23,9.48,few clouds
214,Hermanus,ZA,2022-04-30 23:20:45,-34.4187,19.2345,57.87,86,44,4.09,scattered clouds
215,Kavaratti,IN,2022-04-30 23:20:45,10.5669,72.642,84.63,74,29,11.39,scattered clouds
216,Vestmannaeyjar,IS,2022-04-30 23:20:46,63.4427,-20.2734,46.18,86,38,15.3,scattered clouds
217,Hamilton,US,2022-04-30 23:20:46,39.1834,-84.5333,72.75,71,0,14.97,clear sky
218,Dimovo,BG,2022-04-30 23:20:46,43.7417,22.7269,45.84,85,1,4.32,clear sky
219,Beringovskiy,RU,2022-04-30 23:20:47,63.05,179.3167,25.88,90,100,18.59,light snow
220,Srivardhan,IN,2022-04-30 23:20:47,18.0333,73.0167,79.97,81,0,3.38,clear sky
221,Dauriya,RU,2022-04-30 23:20:48,49.9333,116.8667,41.58,34,100,6.51,overcast clouds
222,Sioux Lookout,CA,2022-04-30 23:20:48,50.1001,-91.917,50.07,27,100,10.36,overcast clouds
223,Tura,IN,2022-04-30 23:20:49,25.5198,90.2201,67.37,92,84,2.68,broken clouds
224,Richards Bay,ZA,2022-04-30 23:20:49,-28.783,32.0377,63.75,82,4,9.62,clear sky
225,Taveta,KE,2022-04-30 23:20:49,-3.3963,37.6736,68.58,90,96,3.69,overcast clouds
226,Obzor,BG,2022-04-30 23:20:50,42.8167,27.8833,46.62,84,7,10.2,clear sky
227,Talnakh,RU,2022-04-30 23:20:50,69.4865,88.3972,20.21,96,100,10.96,overcast clouds
228,Tuatapere,NZ,2022-04-30 23:20:51,-46.1333,167.6833,55.08,96,100,2.89,moderate rain
229,Paamiut,GL,2022-04-30 23:20:51,61.994,-49.6678,32.95,95,86,13.82,overcast clouds
230,Russell,US,2022-04-30 23:20:51,32.3502,-85.1999,73.9,78,40,3.44,scattered clouds
231,Senj,HR,2022-04-30 23:20:53,44.9894,14.9058,61.47,83,9,7.65,clear sky
232,Paita,PE,2022-04-30 23:20:53,-5.0892,-81.1144,70.02,79,87,16.51,overcast clouds
233,Udachnyy,RU,2022-04-30 23:20:53,66.4167,112.4,16.45,78,100,20.24,overcast clouds
234,Mareeba,AU,2022-04-30 23:20:54,-17.0,145.4333,72.48,86,69,4.83,broken clouds
235,Ozernovskiy,RU,2022-04-30 23:20:54,51.5,156.5167,37.06,69,24,8.55,few clouds
236,Hasaki,JP,2022-04-30 23:20:54,35.7333,140.8333,57.6,63,100,16.26,overcast clouds
237,Mariental,NA,2022-04-30 23:20:55,-24.6333,17.9667,59.38,28,0,8.75,clear sky
238,Markova,UA,2022-04-30 23:20:55,48.6758,24.4138,42.33,82,60,3.69,broken clouds
239,Nouadhibou,MR,2022-04-30 23:20:55,20.931,-17.0347,64.38,88,99,17.27,sand
240,Longyearbyen,SJ,2022-04-30 23:17:58,78.2186,15.6401,10.24,61,0,5.75,clear sky
241,Virginia Beach,US,2022-04-30 23:20:56,36.8529,-75.978,61.05,68,75,5.75,broken clouds
242,Banda Aceh,ID,2022-04-30 23:20:56,5.5577,95.3222,80.8,82,100,7.18,overcast clouds
243,Lubao,PH,2022-04-30 23:20:57,14.9167,120.55,87.51,74,85,4.05,overcast clouds
244,Ust-Kuyga,RU,2022-04-30 23:19:02,70.0167,135.6,23.68,85,71,9.24,broken clouds
245,Belmonte,BR,2022-04-30 23:20:58,-15.8631,-38.8828,75.47,82,10,6.31,clear sky
246,Los Llanos De Aridane,ES,2022-04-30 23:20:58,28.6585,-17.9182,62.35,88,0,13.8,clear sky
247,Severo-Kurilsk,RU,2022-04-30 23:20:58,50.6789,156.125,35.65,91,94,11.03,overcast clouds
248,Bathsheba,BB,2022-04-30 23:20:59,13.2167,-59.5167,81.21,83,40,13.8,scattered clouds
249,Fairbanks,US,2022-04-30 23:20:01,64.8378,-147.7164,54.99,29,0,16.11,clear sky
250,Horadiz,AZ,2022-04-30 23:20:59,39.4488,47.3353,59.77,76,74,2.73,broken clouds
251,Eyl,SO,2022-04-30 23:21:00,7.9803,49.8164,83.3,77,45,5.21,scattered clouds
252,Grand Gaube,MU,2022-04-30 23:21:00,-20.0064,57.6608,77.4,81,15,1.99,few clouds
253,Ilulissat,GL,2022-04-30 23:21:00,69.2167,-51.1,24.82,39,5,11.5,clear sky
254,Shahr-E Kord,IR,2022-04-30 23:21:01,32.3256,50.8644,37.17,100,0,2.3,clear sky
255,Broome,US,2022-04-30 23:21:01,42.2506,-75.833,55.98,27,0,6.91,clear sky
256,Kaitangata,NZ,2022-04-30 23:21:02,-46.2817,169.8464,57.81,71,100,2.53,moderate rain
257,Katangli,RU,2022-04-30 23:21:02,51.7102,143.2326,31.77,100,100,3.94,light snow
258,Luderitz,NA,2022-04-30 23:21:02,-26.6481,15.1594,62.13,44,0,10.63,clear sky
259,Lavrentiya,RU,2022-04-30 23:21:03,65.5833,-171.0,28.44,81,99,12.44,overcast clouds
260,Comodoro Rivadavia,AR,2022-04-30 23:19:49,-45.8667,-67.5,40.86,81,0,3.44,clear sky
261,Tautira,PF,2022-04-30 23:21:03,-17.7333,-149.15,80.04,74,35,13.31,light rain
262,Mikhaylovka,RU,2022-04-30 23:21:04,50.06,43.2379,44.78,74,87,8.61,overcast clouds
263,Mount Gambier,AU,2022-04-30 23:21:05,-37.8333,140.7667,58.91,94,75,10.36,broken clouds
264,Pirovskoye,RU,2022-04-30 23:21:05,57.6267,92.2658,41.58,91,100,9.8,overcast clouds
265,Qiongshan,CN,2022-04-30 23:21:05,20.0058,110.3542,75.18,100,75,6.71,broken clouds
266,Grand-Lahou,CI,2022-04-30 23:21:06,5.1367,-5.0242,80.65,87,86,8.95,overcast clouds
267,Bukachacha,RU,2022-04-30 23:21:06,52.9833,116.9167,40.41,63,99,0.58,overcast clouds
268,Karratha,AU,2022-04-30 23:21:06,-20.7377,116.8463,75.74,55,92,13.67,overcast clouds
269,Tevriz,RU,2022-04-30 23:21:07,57.509,72.4042,32.9,68,100,5.48,overcast clouds
270,Korla,CN,2022-04-30 23:21:07,41.7597,86.1469,56.26,30,4,3.8,clear sky
271,Kayerkan,RU,2022-04-30 23:21:08,69.3497,87.7602,19.53,85,91,18.9,overcast clouds
272,Yancheng,CN,2022-04-30 23:18:05,33.3856,120.1253,54.91,73,77,2.62,broken clouds
273,Darnah,LY,2022-04-30 23:21:08,32.767,22.6367,62.98,64,53,8.59,broken clouds
274,Killybegs,IE,2022-04-30 23:21:09,54.6333,-8.45,50.9,95,100,17.31,overcast clouds
275,Port Elizabeth,ZA,2022-04-30 23:16:37,-33.918,25.5701,61.09,72,0,10.36,clear sky
276,Seydi,TM,2022-04-30 23:21:09,39.4816,62.9137,79.36,20,100,13.8,overcast clouds
277,Heishan,CN,2022-04-30 23:21:10,41.6892,122.1128,51.33,33,100,4.03,overcast clouds
278,Tanout,NE,2022-04-30 23:21:10,14.9709,8.8879,90.45,14,75,5.26,broken clouds
279,Mocuba,MZ,2022-04-30 23:21:10,-16.8392,36.9856,63.57,97,0,2.21,clear sky
280,Puerto Cabezas,NI,2022-04-30 23:21:11,14.0351,-83.3888,80.73,76,93,7.43,overcast clouds
281,Thunder Bay,CA,2022-04-30 23:21:11,48.4001,-89.3168,40.98,70,100,12.66,overcast clouds
282,Ormara,PK,2022-04-30 23:21:12,25.2088,64.6357,83.84,79,2,20.11,clear sky
283,Lompoc,US,2022-04-30 23:21:12,34.6391,-120.4579,78.94,67,0,28.77,clear sky
284,Goderich,CA,2022-04-30 23:21:13,43.7501,-81.7165,61.12,23,100,11.5,overcast clouds
285,Garowe,SO,2022-04-30 23:21:14,8.4054,48.4845,78.87,73,71,8.32,broken clouds
286,Kahta,TR,2022-04-30 23:21:14,37.7855,38.6237,54.77,87,100,6.13,light rain
287,Puerto Del Rosario,ES,2022-04-30 23:21:15,28.5004,-13.8627,65.95,72,0,9.22,clear sky
288,Granadilla De Abona,ES,2022-04-30 23:21:15,28.1188,-16.576,65.08,64,0,13.8,clear sky
289,Fort Nelson,CA,2022-04-30 23:21:16,58.8053,-122.7002,47.79,43,75,4.61,broken clouds
290,Casteltermini,IT,2022-04-30 23:21:16,37.5405,13.6445,57.22,77,99,4.61,overcast clouds
291,Haines Junction,CA,2022-04-30 23:21:16,60.7522,-137.5108,49.95,37,88,8.05,overcast clouds
292,Aksarka,RU,2022-04-30 23:21:17,66.5606,67.7975,11.97,94,42,6.22,scattered clouds
293,Isangel,VU,2022-04-30 23:21:17,-19.55,169.2667,80.33,85,100,9.98,overcast clouds
294,Makakilo City,US,2022-04-30 23:21:17,21.3469,-158.0858,82.72,55,20,20.71,few clouds
295,Bilma,NE,2022-04-30 23:21:18,18.6853,12.9164,90.7,9,58,2.73,broken clouds
296,Antalaha,MG,2022-04-30 23:21:19,-14.9003,50.2788,72.05,93,8,5.08,clear sky
297,Nchelenge,ZM,2022-04-30 23:21:19,-9.3451,28.734,66.83,84,21,6.69,few clouds
298,Abadiania,BR,2022-04-30 23:21:19,-16.2042,-48.7069,70.72,48,37,3.06,scattered clouds
299,Litovko,RU,2022-04-30 23:21:21,49.2361,135.1742,41.29,50,58,16.31,broken clouds
300,Esperance,AU,2022-04-30 23:21:21,-33.8667,121.9,53.44,66,0,6.73,clear sky
301,Lamar,US,2022-04-30 23:21:22,33.6668,-95.5836,80.51,36,0,10.36,clear sky
302,Atherton,GB,2022-04-30 23:21:22,53.5237,-2.4935,49.98,89,100,1.01,overcast clouds
303,Dunda,TZ,2022-04-30 23:21:23,-8.1167,34.25,67.44,78,99,3.47,overcast clouds
304,Tomigusuku,JP,2022-04-30 23:21:23,26.185,127.675,71.37,76,75,9.22,broken clouds
305,Kongolo,CD,2022-04-30 23:21:24,-5.3833,27.0,71.2,88,100,0.43,overcast clouds
306,Marrakesh,MA,2022-04-30 23:20:55,31.6315,-8.0083,68.07,45,0,9.22,clear sky
307,Khatanga,RU,2022-04-30 23:21:24,71.9667,102.5,7.74,97,95,8.93,overcast clouds
308,Ruidoso,US,2022-04-30 23:21:25,33.3317,-105.673,74.62,9,0,17.27,clear sky
309,Kuching,MY,2022-04-30 23:21:25,1.55,110.3333,73.62,100,20,1.14,few clouds
310,Coxim,BR,2022-04-30 23:21:26,-18.5067,-54.76,81.32,39,50,3.31,scattered clouds
311,Letpadan,MM,2022-04-30 23:21:26,17.7833,95.75,78.06,81,64,3.2,broken clouds
312,Anadyr,RU,2022-04-30 23:21:27,64.75,177.4833,32.5,69,40,6.71,scattered clouds
313,Santiago Del Estero,AR,2022-04-30 23:21:06,-27.7951,-64.2615,57.54,63,40,6.46,scattered clouds
314,Kontagora,NG,2022-04-30 23:21:27,10.3999,5.4695,82.96,54,56,1.03,broken clouds
315,Acajutla,SV,2022-04-30 23:21:28,13.5928,-89.8275,84.61,65,100,5.37,overcast clouds
316,Buchanan,LR,2022-04-30 23:21:28,5.8808,-10.0467,80.69,84,80,6.13,broken clouds
317,Vangaindrano,MG,2022-04-30 23:21:28,-23.35,47.6,70.02,90,70,4.9,broken clouds
318,Codrington,AU,2022-04-30 23:21:29,-38.2667,141.9667,60.42,77,99,13.62,overcast clouds
319,Atar,MR,2022-04-30 23:21:29,20.5169,-13.0499,81.95,12,62,6.69,broken clouds
320,Puerto Carreno,CO,2022-04-30 23:21:29,6.189,-67.4859,75.36,89,100,5.61,overcast clouds
321,Iqaluit,CA,2022-04-30 23:21:30,63.7506,-68.5145,24.53,85,20,8.01,few clouds
322,Trat,TH,2022-04-30 23:17:14,12.5,102.5,81.91,92,69,1.54,broken clouds
323,Brae,GB,2022-04-30 23:21:31,60.3964,-1.353,44.33,81,88,10.71,overcast clouds
324,Cristalina,BR,2022-04-30 23:21:32,-16.7686,-47.6136,62.74,45,4,3.31,clear sky
325,Amboasary,MG,2022-04-30 23:21:33,-25.0333,46.3833,69.84,78,52,6.06,broken clouds
326,Samarai,PG,2022-04-30 23:21:33,-10.6167,150.6667,81.61,74,59,6.33,broken clouds
327,Khipro,PK,2022-04-30 23:21:33,25.8285,69.3772,88.72,38,0,13.85,clear sky
328,Havoysund,NO,2022-04-30 23:21:34,70.9963,24.6622,28.63,75,100,16.11,light snow
329,Semporna,MY,2022-04-30 23:21:34,4.4818,118.6112,78.91,88,90,3.15,overcast clouds
330,Roald,NO,2022-04-30 23:21:35,62.5833,6.1333,42.75,93,54,2.3,broken clouds
331,Arinos,BR,2022-04-30 23:21:35,-15.9169,-46.1056,75.79,38,30,2.8,scattered clouds
332,Honiara,SB,2022-04-30 23:17:23,-9.4333,159.95,84.2,72,89,1.43,overcast clouds
333,Banyo,CM,2022-04-30 23:21:36,6.75,11.8167,65.41,94,100,2.42,light rain
334,Sola,VU,2022-04-30 23:21:36,-13.8833,167.55,81.72,69,99,1.77,overcast clouds
335,Fukue,JP,2022-04-30 23:21:36,32.6881,128.8419,61.16,72,75,9.22,broken clouds
336,Klyuchi,RU,2022-04-30 23:21:37,52.2667,79.1667,56.34,40,83,4.59,broken clouds
337,Opuwo,NA,2022-04-30 23:21:37,-18.0607,13.84,67.53,39,51,3.76,broken clouds
338,Vicuna,CL,2022-04-30 23:21:37,-30.0319,-70.7081,47.93,40,2,0.38,clear sky
339,Lingao,CN,2022-04-30 23:21:38,19.9103,109.6859,75.47,94,100,3.51,overcast clouds
340,Suntar,RU,2022-04-30 23:21:38,62.1444,117.6319,37.11,99,100,4.21,overcast clouds
341,Melito Di Porto Salvo,IT,2022-04-30 23:21:39,37.9222,15.7714,64.15,51,75,3.44,broken clouds
342,Newcastle,AU,2022-04-30 23:21:39,-32.9272,151.7765,65.64,76,100,9.22,overcast clouds
343,Atbasar,KZ,2022-04-30 23:21:39,51.8,68.3333,54.57,63,100,12.26,overcast clouds
344,Hailar,CN,2022-04-30 23:21:40,49.2,119.7,37.08,38,84,3.33,broken clouds
345,Grindavik,IS,2022-04-30 23:21:40,63.8424,-22.4338,44.55,87,100,13.8,overcast clouds
346,Kieta,PG,2022-04-30 23:21:40,-6.2167,155.6333,84.92,66,100,0.98,overcast clouds
347,Emerald,AU,2022-04-30 23:19:01,-23.5333,148.1667,72.34,68,48,13.8,scattered clouds
348,Huancabamba,PE,2022-04-30 23:21:41,-5.2386,-79.4506,61.03,87,100,4.99,overcast clouds
349,Sept-Iles,CA,2022-04-30 23:21:42,50.2001,-66.3821,41.05,67,100,16.11,light rain
350,Kalmunai,LK,2022-04-30 23:21:42,7.4167,81.8167,80.35,84,45,3.96,scattered clouds
351,Ladario,BR,2022-04-30 23:21:42,-19.0047,-57.6017,84.83,39,65,3.62,broken clouds
352,Bukama,CD,2022-04-30 23:21:44,-9.2,25.85,67.82,90,26,1.83,scattered clouds
353,Ekibastuz,KZ,2022-04-30 23:21:44,51.6667,75.3667,58.5,54,70,7.23,broken clouds
354,Bartow,US,2022-04-30 23:18:22,27.8964,-81.8431,80.69,80,90,9.78,heavy intensity rain
355,Baykit,RU,2022-04-30 23:21:45,61.67,96.37,31.42,87,98,3.98,overcast clouds
356,Yulara,AU,2022-04-30 23:21:45,-25.2406,130.9889,58.84,72,100,8.05,overcast clouds
357,Heihe,CN,2022-04-30 23:21:45,50.2441,127.4902,41.58,53,100,9.6,overcast clouds
358,Mwene-Ditu,CD,2022-04-30 23:21:47,-7.0,23.45,67.1,94,100,1.01,light rain
359,Qaqortoq,GL,2022-04-30 23:21:47,60.7167,-46.0333,36.81,84,56,2.84,broken clouds
360,Constitucion,CL,2022-04-30 23:21:47,-35.3333,-72.4167,53.47,68,2,10.02,clear sky
361,Natal,BR,2022-04-30 23:21:49,-5.795,-35.2094,81.25,78,20,11.5,few clouds
362,Vanimo,PG,2022-04-30 23:21:49,-2.6741,141.3028,81.48,76,99,2.73,overcast clouds
363,Tutoia,BR,2022-04-30 23:21:50,-2.7619,-42.2744,77.16,90,61,5.19,broken clouds
364,Aklavik,CA,2022-04-30 23:21:50,68.2191,-135.0107,48.2,49,20,8.05,few clouds
365,Ayutla,MX,2022-04-30 23:21:50,20.1167,-104.3333,85.14,16,95,14.97,overcast clouds
366,Kununurra,AU,2022-04-30 23:21:51,-15.7667,128.7333,82.38,78,100,6.91,overcast clouds
367,Ostrovnoy,RU,2022-04-30 23:21:52,68.0531,39.5131,15.49,89,95,9.42,overcast clouds
368,Redding,US,2022-04-30 23:21:53,40.5865,-122.3917,78.82,27,0,12.66,clear sky
369,Latehar,IN,2022-04-30 23:21:54,23.75,84.5,74.97,66,9,3.71,clear sky
370,Toluca,MX,2022-04-30 23:21:55,19.2883,-99.6672,72.3,21,40,13.8,smoke
371,Balkanabat,TM,2022-04-30 23:21:55,39.5108,54.3671,66.06,73,96,2.28,overcast clouds
372,Peleduy,RU,2022-04-30 23:21:56,59.6289,112.7406,38.61,99,100,5.64,overcast clouds
373,Kalininsk,RU,2022-04-30 23:21:56,51.5,44.4758,41.09,71,22,9.04,few clouds
374,Ancud,CL,2022-04-30 23:21:57,-41.8697,-73.8203,50.36,89,100,6.17,overcast clouds
375,Orlik,RU,2022-04-30 23:22:32,52.5178,99.825,37.94,69,51,2.3,broken clouds
376,Yaan,NG,2022-04-30 23:22:32,7.3833,8.5667,80.8,70,100,8.59,overcast clouds
377,Port-Gentil,GA,2022-04-30 23:22:33,-0.7193,8.7815,76.96,94,20,3.44,few clouds
378,Iturama,BR,2022-04-30 23:22:33,-19.7281,-50.1956,75.18,50,40,0.76,scattered clouds
379,Benton,US,2022-04-30 23:22:33,36.3334,-94.3335,71.51,48,0,13.8,clear sky
380,Mamallapuram,IN,2022-04-30 23:22:34,12.6264,80.1722,86.05,83,12,11.59,few clouds
381,Awjilah,LY,2022-04-30 23:22:35,29.1081,21.2869,77.99,21,63,8.79,broken clouds
382,Norman Wells,CA,2022-04-30 23:22:36,65.282,-126.8329,48.24,46,0,13.8,clear sky
383,Hobyo,SO,2022-04-30 23:22:39,5.3505,48.5268,84.25,72,59,9.98,broken clouds
384,Edd,ER,2022-04-30 23:22:39,13.9297,41.6925,85.84,66,76,10.67,broken clouds
385,Saint-Augustin,CA,2022-04-30 23:22:40,51.226,-58.6502,38.17,92,100,15.68,overcast clouds
386,Safaga,EG,2022-04-30 23:22:40,26.7292,33.9365,79.57,33,0,19.06,clear sky
387,Pakenham,AU,2022-04-30 23:20:41,-38.0667,145.4833,60.98,71,86,5.01,overcast clouds
388,Walvis Bay,NA,2022-04-30 23:22:41,-22.9575,14.5053,56.08,87,0,4.61,clear sky
389,Forbes,AU,2022-04-30 23:22:41,-33.3833,148.0167,54.54,61,0,6.17,clear sky
390,Airai,TL,2022-04-30 23:22:41,-8.9266,125.4092,64.81,75,69,3.18,broken clouds
391,Fuzhou,CN,2022-04-30 23:22:42,26.0614,119.3061,62.49,95,100,1.99,overcast clouds
392,Olga,RU,2022-04-30 23:22:42,43.7444,135.2892,39.07,94,100,2.91,overcast clouds
393,San Andres,CO,2022-04-30 23:22:43,12.5847,-81.7006,84.22,74,75,13.8,broken clouds
394,Sirsi,IN,2022-04-30 23:22:44,14.6167,74.85,72.59,91,70,5.5,broken clouds
395,Skjervoy,NO,2022-04-30 23:22:44,70.0311,20.9714,32.0,75,100,17.72,light snow
396,Banjarmasin,ID,2022-04-30 23:22:45,-3.3244,114.591,77.14,95,98,3.44,overcast clouds
397,Gidole,ET,2022-04-30 23:22:45,5.65,37.3667,55.89,88,52,1.81,light rain
398,Bobrovka,RU,2022-04-30 23:22:46,54.047,61.7455,43.83,52,100,8.16,overcast clouds
399,Badvel,IN,2022-04-30 23:22:46,14.75,79.05,89.08,53,100,4.61,overcast clouds
400,Magnolia,US,2022-04-30 23:22:46,33.2671,-93.2393,80.29,88,58,6.62,broken clouds
401,Mariinskiy Posad,RU,2022-04-30 23:22:47,56.115,47.718,34.74,95,61,7.23,broken clouds
402,Plettenberg Bay,ZA,2022-04-30 23:22:47,-34.0527,23.3716,57.49,76,13,6.53,few clouds
403,Soure,BR,2022-04-30 23:22:48,-0.7167,-48.5233,76.73,89,56,6.29,broken clouds
404,Luganville,VU,2022-04-30 23:22:48,-15.5333,167.1667,78.6,85,100,6.22,light rain
405,Ranipur,PK,2022-04-30 23:22:48,27.2879,68.5051,94.89,17,0,10.56,clear sky
406,Kaeo,NZ,2022-04-30 23:22:49,-35.1,173.7833,65.32,90,65,7.9,broken clouds
407,Laguna,US,2022-04-30 23:19:23,38.421,-121.4238,82.94,45,0,19.57,clear sky
408,Bay Roberts,CA,2022-04-30 23:22:49,47.5999,-53.2648,44.51,96,100,1.01,light rain
409,Privolzhskiy,RU,2022-04-30 23:22:50,51.4,46.0333,45.3,37,58,8.7,broken clouds
410,Beausejour,CA,2022-04-30 23:22:50,50.0622,-96.5167,39.85,99,100,9.78,moderate rain
411,Rorvik,NO,2022-04-30 23:22:50,64.8621,11.2373,41.9,77,70,10.29,light rain
412,San Cristobal,VE,2022-04-30 23:22:51,7.7669,-72.225,77.18,97,99,5.19,overcast clouds
413,Nouakchott,MR,2022-04-30 23:18:40,18.0858,-15.9785,71.53,65,11,14.36,few clouds
414,Narasannapeta,IN,2022-04-30 23:22:52,18.4167,84.05,79.61,94,15,7.45,few clouds
415,Bac,RS,2022-04-30 23:22:52,45.3919,19.2367,50.0,77,6,8.43,clear sky
416,Hollins,US,2022-04-30 23:22:52,37.3413,-79.9431,60.19,94,100,0.0,light rain
417,High Level,CA,2022-04-30 23:22:53,58.5169,-117.136,48.31,46,40,8.05,scattered clouds
418,Ulkan,RU,2022-04-30 23:22:53,57.243,107.3223,45.57,94,100,5.28,overcast clouds
419,Plymouth,US,2022-04-30 23:19:49,41.8334,-70.8328,55.31,64,0,11.5,clear sky
420,Darlowo,PL,2022-04-30 23:22:54,54.421,16.4107,45.3,76,100,5.44,overcast clouds
421,Peredovaya,RU,2022-04-30 23:22:54,44.1172,41.4756,54.28,98,90,2.39,overcast clouds
422,Amahai,ID,2022-04-30 23:22:54,-3.3333,128.9167,81.32,78,37,2.13,scattered clouds
423,Coquimbo,CL,2022-04-30 23:18:37,-29.9533,-71.3436,55.13,94,0,5.75,clear sky
424,Whitehorse,CA,2022-04-30 23:22:55,60.7161,-135.0538,48.97,34,75,17.27,broken clouds
425,Erzin,TR,2022-04-30 23:22:55,36.9559,36.2,63.43,79,100,3.85,overcast clouds
426,Santa Fe,AR,2022-04-30 23:21:28,-31.6333,-60.7,59.02,72,83,4.0,light rain
427,Babrala,IN,2022-04-30 23:22:56,28.2667,78.4,89.11,13,36,4.83,scattered clouds
428,Tilichiki,RU,2022-04-30 23:22:56,60.4667,166.1,29.28,84,34,7.9,scattered clouds
429,Tessalit,ML,2022-04-30 23:22:57,20.1986,1.0114,80.89,11,0,8.61,clear sky
430,Clyde River,CA,2022-04-30 23:22:57,70.4692,-68.5914,17.83,86,100,3.44,light snow
431,Wau,SS,2022-04-30 23:22:58,7.7029,27.9953,79.29,62,80,5.95,broken clouds
432,Mathbaria,BD,2022-04-30 23:22:58,22.2876,89.9593,78.03,85,4,6.22,clear sky
433,Coria,ES,2022-04-30 23:22:58,39.9879,-6.5377,64.45,64,63,3.06,broken clouds
434,Manggar,ID,2022-04-30 23:22:59,-2.8833,108.2667,79.54,84,92,2.3,overcast clouds
435,Hurghada,EG,2022-04-30 23:22:59,27.2574,33.8129,77.77,32,0,24.72,clear sky
436,Port Augusta,AU,2022-04-30 23:22:59,-32.5,137.7667,60.91,57,0,4.61,clear sky
437,Buzmeyin,TM,2022-04-30 23:23:00,38.0507,58.2056,64.13,82,100,11.5,light rain
438,Dakar,SN,2022-04-30 23:21:16,14.6937,-17.4441,70.68,94,0,6.91,clear sky
439,Slavyanka,RU,2022-04-30 23:23:01,42.8633,131.3847,43.18,67,20,9.08,few clouds
440,Sorland,NO,2022-04-30 23:23:01,67.667,12.6934,38.28,68,63,12.86,broken clouds
441,Kichera,RU,2022-04-30 23:23:02,55.9375,110.0997,38.16,100,98,1.66,overcast clouds
442,Taltal,CL,2022-04-30 23:23:02,-25.4,-70.4833,61.77,81,28,3.51,scattered clouds
443,Jumla,NP,2022-04-30 23:23:02,29.2747,82.1838,49.15,78,59,2.89,broken clouds
444,Hanting,CN,2022-04-30 23:23:03,36.7708,119.2108,56.44,23,55,10.56,broken clouds
445,Micheweni,TZ,2022-04-30 23:23:03,-4.9667,39.8333,79.27,82,100,14.27,light rain
446,Polyarnyy,RU,2022-04-30 23:23:03,69.1989,33.4478,24.13,73,94,13.96,overcast clouds
447,Mo I Rana,NO,2022-04-30 23:23:04,66.3128,14.1428,32.47,86,100,1.14,overcast clouds
448,Zhangjiakou,CN,2022-04-30 23:23:04,40.81,114.8794,51.58,29,6,11.88,clear sky
449,Krasnoarmeysk,RU,2022-04-30 23:23:04,51.0239,45.6969,42.3,78,75,7.61,broken clouds
450,Kyotera,UG,2022-04-30 23:23:05,-0.6156,31.5175,62.96,94,100,4.05,overcast clouds
451,Luanda,AO,2022-04-30 23:19:36,-8.8368,13.2343,78.8,78,40,8.05,scattered clouds
452,Cajnice,BA,2022-04-30 23:23:05,43.5575,19.0711,43.72,94,26,2.08,scattered clouds
453,Seoul,KR,2022-04-30 23:21:49,37.5683,126.9778,54.97,58,0,2.3,clear sky
454,Las Vegas,US,2022-04-30 23:18:51,36.175,-115.1372,91.18,9,0,10.36,clear sky
455,Malanje,AO,2022-04-30 23:23:06,-9.5402,16.341,63.05,83,98,3.24,overcast clouds
456,Fethiye,TR,2022-04-30 23:23:07,36.6217,29.1164,64.27,66,3,5.79,clear sky
457,Murray Bridge,AU,2022-04-30 23:23:08,-35.1167,139.2667,62.13,73,0,7.05,clear sky
458,Urumqi,CN,2022-04-30 23:23:08,43.801,87.6005,65.35,13,0,24.61,clear sky
459,Edgewater,US,2022-04-30 23:23:09,28.9889,-80.9023,77.16,69,40,11.07,scattered clouds
460,Ashtabula,US,2022-04-30 23:23:09,41.7001,-80.7665,64.96,42,0,4.61,clear sky
461,Guilin,CN,2022-04-30 23:23:09,25.2819,110.2864,57.31,90,100,7.76,overcast clouds
462,Kyshtovka,RU,2022-04-30 23:23:10,56.555,76.6271,35.94,67,99,13.42,overcast clouds
463,Portland,US,2022-04-30 23:22:53,45.5234,-122.6762,57.22,75,75,5.99,broken clouds
464,Yumen,CN,2022-04-30 23:23:11,40.2833,97.2,44.1,31,0,3.27,clear sky
465,Sakaiminato,JP,2022-04-30 23:23:11,35.55,133.2333,57.18,72,75,5.75,broken clouds
466,Izhma,RU,2022-04-30 23:23:11,65.0083,53.9113,22.14,97,53,4.25,broken clouds
467,Petropavlovskoye,RU,2022-04-30 23:23:12,52.0712,84.107,56.43,40,63,7.63,broken clouds
468,Fengzhen,CN,2022-04-30 23:23:12,40.4394,113.1536,44.06,33,4,8.34,clear sky
469,Lar,IN,2022-04-30 23:23:12,26.2039,83.9717,78.58,58,2,11.48,clear sky
470,Olinda,BR,2022-04-30 23:18:38,-8.0089,-34.8553,80.33,74,75,11.5,broken clouds
471,Nadvoitsy,RU,2022-04-30 23:23:13,63.8667,34.3167,23.94,99,79,3.98,broken clouds
472,Pulaski,US,2022-04-30 23:23:14,34.7668,-92.3001,78.94,85,100,5.99,light rain
473,Boende,CD,2022-04-30 23:23:15,-0.2167,20.8667,71.83,87,23,1.7,few clouds
474,Maroantsetra,MG,2022-04-30 23:23:15,-15.4333,49.7333,74.01,88,80,2.26,broken clouds
475,Liverpool,GB,2022-04-30 23:23:15,53.4106,-2.9779,50.38,87,100,8.05,overcast clouds
476,Bahir Dar,ET,2022-04-30 23:23:16,11.5936,37.3908,73.18,27,93,5.97,overcast clouds
477,Prado,BR,2022-04-30 23:23:16,-17.3411,-39.2208,74.61,84,22,6.26,few clouds
478,Mehamn,NO,2022-04-30 23:23:17,71.0357,27.8492,29.08,64,99,17.16,overcast clouds
479,Stornoway,GB,2022-04-30 23:23:17,58.2093,-6.3865,48.92,97,100,4.61,overcast clouds
480,Abalak,RU,2022-04-30 23:23:17,58.1286,68.5944,31.87,69,86,4.74,overcast clouds
481,Bontang,ID,2022-04-30 23:23:18,0.1333,117.5,78.6,86,100,3.67,overcast clouds
482,Saquena,PE,2022-04-30 23:23:19,-4.6667,-73.5167,73.8,95,55,2.04,broken clouds
483,Ostersund,SE,2022-04-30 23:19:18,63.1792,14.6357,34.61,93,19,10.36,few clouds
484,Sarkand,KZ,2022-04-30 23:23:20,45.41,79.9186,62.74,22,100,7.34,overcast clouds
485,Vila Velha,BR,2022-04-30 23:20:11,-20.3297,-40.2925,78.75,85,75,3.44,broken clouds
486,Quatre Cocos,MU,2022-04-30 23:23:21,-20.2078,57.7625,77.11,81,44,10.51,scattered clouds
487,Faya,SA,2022-04-30 23:23:21,18.3851,42.4509,64.51,45,44,10.85,scattered clouds
488,Panzhihua,CN,2022-04-30 23:23:22,26.5851,101.7128,61.43,68,79,6.17,broken clouds
489,Somerset,US,2022-04-30 23:23:23,40.5668,-74.5496,66.69,23,0,4.61,clear sky
490,Ouallam,NE,2022-04-30 23:23:23,14.3188,2.0866,90.79,10,33,7.58,scattered clouds
491,Carballo,ES,2022-04-30 23:23:23,43.213,-8.691,56.86,94,11,1.36,few clouds
492,Raga,SS,2022-04-30 23:23:24,8.4596,25.678,81.37,54,95,9.22,overcast clouds
493,Iberia,US,2022-04-30 23:23:24,29.9502,-91.7507,83.05,61,20,14.97,few clouds
494,Yacuiba,BO,2022-04-30 23:23:24,-22.038,-63.6797,63.97,82,100,5.44,overcast clouds
495,Asau,RO,2022-04-30 23:23:25,46.4333,26.4,43.95,95,69,2.68,broken clouds
496,Puerto Escondido,MX,2022-04-30 23:23:25,15.85,-97.0667,85.03,65,75,6.91,broken clouds
497,Saint-Pierre,RE,2022-04-30 23:23:26,-21.3393,55.4781,74.88,82,0,5.75,clear sky
498,Hovd,MN,2022-04-30 23:23:26,48.0056,91.6419,48.6,27,99,7.36,overcast clouds
499,Xining,CN,2022-04-30 23:23:26,36.6167,101.7667,31.57,84,100,2.53,overcast clouds
500,Samur,RU,2022-04-30 23:23:27,41.8253,48.486,53.31,93,49,3.58,scattered clouds
501,Zyryanovsk,KZ,2022-04-30 23:23:28,49.7386,84.2719,50.38,51,100,2.91,overcast clouds
502,Linqiong,CN,2022-04-30 23:23:28,30.4159,103.4609,55.22,80,100,11.14,light rain
503,San Matias,BO,2022-04-30 23:23:28,-16.3667,-58.4,78.67,60,2,3.06,clear sky
504,Berlevag,NO,2022-04-30 23:23:29,70.8578,29.0864,24.6,65,98,19.86,light snow
505,Bowen,AU,2022-04-30 23:23:29,-20.0167,148.2333,75.36,77,4,12.41,clear sky
506,Buala,SB,2022-04-30 23:23:29,-8.145,159.5921,84.0,69,100,0.63,overcast clouds
507,Laguna De Perlas,NI,2022-04-30 23:23:30,12.3429,-83.6712,80.67,77,100,10.65,overcast clouds
508,Vila Franca Do Campo,PT,2022-04-30 23:23:30,37.7167,-25.4333,64.2,86,20,2.59,few clouds
509,Estelle,US,2022-04-30 23:23:30,29.8458,-90.1067,84.99,57,2,11.99,clear sky
510,Jerantut,MY,2022-04-30 23:23:31,3.936,102.3626,74.7,99,99,0.22,overcast clouds
511,Ugoofaaru,MV,2022-04-30 23:23:31,5.6667,73.0,85.01,73,90,12.21,overcast clouds
512,Nadym,RU,2022-04-30 23:23:32,65.5333,72.5167,21.16,96,100,6.29,overcast clouds
513,Pangnirtung,CA,2022-04-30 23:23:32,66.1451,-65.7125,25.56,95,100,3.74,light snow
514,Petropavlovsk-Kamchatskiy,RU,2022-04-30 23:23:32,53.0452,158.6483,39.79,56,75,11.18,broken clouds
515,Road Town,VG,2022-04-30 23:23:33,18.4167,-64.6167,77.09,100,20,8.05,light rain
516,Acarau,BR,2022-04-30 23:23:33,-2.8856,-40.12,77.85,88,32,8.81,scattered clouds
517,Saint Anthony,US,2022-04-30 23:23:33,45.0205,-93.218,52.66,89,100,14.97,moderate rain
518,Gorontalo,ID,2022-04-30 23:23:34,0.5412,123.0595,77.41,91,68,1.03,broken clouds
519,Kupang,ID,2022-04-30 23:23:34,-10.1667,123.5833,79.41,83,9,8.08,clear sky
520,Paranaiba,BR,2022-04-30 23:23:35,-19.6772,-51.1908,76.41,47,54,2.1,broken clouds
521,Praia Da Vitoria,PT,2022-04-30 23:23:35,38.7333,-27.0667,60.76,94,20,1.77,few clouds
522,Sorong,ID,2022-04-30 23:23:36,-0.8833,131.25,79.57,87,100,6.6,overcast clouds
523,Port Lincoln,AU,2022-04-30 23:23:36,-34.7333,135.8667,60.53,79,11,8.52,few clouds
524,Dourbali,TD,2022-04-30 23:23:37,11.8091,15.8632,94.5,29,97,3.22,overcast clouds
525,Cherepovets,RU,2022-04-30 23:22:26,59.1333,37.9,29.5,63,39,6.87,scattered clouds
526,Tucumcari,US,2022-04-30 23:23:37,35.1717,-103.725,76.84,8,0,16.11,clear sky
527,Collie,AU,2022-04-30 23:23:38,-33.3667,116.15,48.36,95,0,2.68,clear sky
528,Sinnamary,GF,2022-04-30 23:23:38,5.3833,-52.95,78.19,84,55,10.47,broken clouds
529,The Valley,AI,2022-04-30 23:23:38,18.217,-63.0578,78.66,94,20,5.75,few clouds
530,Colomi,BO,2022-04-30 23:23:39,-17.35,-65.8667,59.02,87,56,4.79,broken clouds
531,Ixtapa,MX,2022-04-30 23:23:40,20.7,-105.2,78.03,69,20,13.8,few clouds
532,Unity,CA,2022-04-30 23:23:40,52.4501,-109.1682,60.26,29,65,6.31,broken clouds
533,Srednekolymsk,RU,2022-04-30 23:23:40,67.45,153.6833,25.84,80,57,4.97,broken clouds
534,Soyo,AO,2022-04-30 23:23:41,-6.1349,12.3689,78.19,87,100,8.32,overcast clouds
535,Orikhiv,UA,2022-04-30 23:23:42,47.5673,35.7858,45.28,70,57,8.32,broken clouds
536,Sindor,RU,2022-04-30 23:23:42,62.8629,51.8905,22.37,92,19,3.85,few clouds
537,Ninghai,CN,2022-04-30 23:23:43,29.2892,121.4247,56.39,87,100,7.16,overcast clouds
538,Statesboro,US,2022-04-30 23:23:43,32.4488,-81.7832,80.13,44,0,6.91,clear sky
539,Gizo,SB,2022-04-30 23:23:44,-8.103,156.8419,84.13,69,72,1.79,broken clouds
540,Gilbues,BR,2022-04-30 23:23:44,-9.8317,-45.3439,79.16,48,100,1.9,overcast clouds
541,Barreirinhas,BR,2022-04-30 23:23:44,-2.7469,-42.8264,76.26,92,77,4.05,broken clouds
542,Biratnagar,NP,2022-04-30 23:23:45,26.4831,87.2834,75.15,64,97,15.48,overcast clouds
543,Miedzyrzec Podlaski,PL,2022-04-30 23:23:45,51.9864,22.7825,45.16,76,79,5.82,broken clouds
544,Deniliquin,AU,2022-04-30 23:23:46,-35.5333,144.9667,56.73,65,27,4.52,scattered clouds
545,Saldanha,ZA,2022-04-30 23:23:46,-33.0117,17.9442,53.65,89,10,11.99,clear sky
546,Kutum,SD,2022-04-30 23:23:46,14.2,24.6667,78.6,13,64,6.13,broken clouds
547,Sibolga,ID,2022-04-30 23:23:47,1.7427,98.7792,76.6,88,97,3.42,overcast clouds
548,Madang,PG,2022-04-30 23:23:47,-5.2246,145.7966,81.43,78,93,2.82,overcast clouds
549,Puerto Colombia,CO,2022-04-30 23:23:48,10.9878,-74.9547,84.29,82,100,12.97,overcast clouds
550,Palera,IN,2022-04-30 23:23:48,25.0167,79.2333,88.59,19,2,6.26,clear sky
551,Qom,IR,2022-04-30 23:20:44,34.6401,50.8764,67.98,48,64,2.46,broken clouds
552,Poltavka,RU,2022-04-30 23:23:49,54.3663,71.7632,44.85,59,93,14.5,overcast clouds
553,Sao Joao Do Paraiso,BR,2022-04-30 23:23:50,-15.3136,-42.0144,71.74,60,63,9.84,broken clouds
554,Dembi Dolo,ET,2022-04-30 23:23:50,8.5333,34.8,60.58,91,100,0.45,overcast clouds
555,Hofn,IS,2022-04-30 23:23:50,64.2539,-15.2082,47.75,70,15,4.72,few clouds
556,Selikhino,RU,2022-04-30 23:23:51,50.3672,137.4996,38.95,66,40,10.25,scattered clouds
557,Ucluelet,CA,2022-04-30 23:23:51,48.9329,-125.5528,57.09,79,60,1.99,broken clouds
558,Abong Mbang,CM,2022-04-30 23:23:52,3.9833,13.1833,68.56,95,80,1.7,light rain
559,Charagua,BO,2022-04-30 23:23:52,-19.8,-63.2167,70.65,62,12,6.64,few clouds
560,Muros,ES,2022-04-30 23:23:52,42.7762,-9.0603,57.83,86,13,4.38,few clouds
561,Chilmari,BD,2022-04-30 23:23:53,25.5559,89.6715,72.14,85,97,7.9,overcast clouds
562,Inuvik,CA,2022-04-30 23:23:54,68.3499,-133.7218,52.56,40,20,9.22,few clouds
563,Avera,US,2022-04-30 23:23:56,33.194,-82.5271,79.56,52,15,7.56,few clouds
564,Corpus Christi,US,2022-04-30 23:23:56,27.8006,-97.3964,84.43,73,40,19.57,scattered clouds
565,Monrovia,LR,2022-04-30 23:23:58,6.3005,-10.7969,81.5,81,68,7.58,broken clouds
566,Bubaque,GW,2022-04-30 23:23:58,11.2833,-15.8333,77.09,72,70,12.44,broken clouds
567,Ramganj Mandi,IN,2022-04-30 23:23:59,24.65,75.9333,87.62,39,3,18.61,clear sky
568,Yelizovo,RU,2022-04-30 23:24:00,53.1873,158.3805,41.14,56,75,11.18,broken clouds
569,Innisfail,AU,2022-04-30 23:24:00,-17.5333,146.0333,75.52,87,63,10.42,light rain
570,Raudeberg,NO,2022-04-30 23:25:08,61.9875,5.1352,41.67,92,43,4.27,scattered clouds
571,Tateyama,JP,2022-04-30 23:25:13,34.9833,139.8667,60.17,72,100,13.65,overcast clouds
572,Berbera,SO,2022-04-30 23:25:13,10.4396,45.0143,83.88,81,77,5.08,broken clouds
573,Zyryanka,RU,2022-04-30 23:25:14,65.75,150.85,27.77,87,66,9.78,broken clouds
574,Morgan City,US,2022-04-30 23:25:14,29.6994,-91.2068,84.0,69,0,9.22,clear sky
575,Bagdarin,RU,2022-04-30 23:25:15,54.4333,113.6,37.24,79,100,2.42,overcast clouds
576,Baloda Bazar,IN,2022-04-30 23:25:15,21.6667,82.1667,88.36,14,42,5.93,scattered clouds
577,Jasper,US,2022-04-30 23:22:02,37.2001,-94.3502,69.24,53,20,17.27,few clouds
578,Labrea,BR,2022-04-30 23:25:16,-7.2586,-64.7981,75.96,91,61,1.39,broken clouds
579,Vila Nova De Milfontes,PT,2022-04-30 23:23:53,37.7238,-8.7828,60.26,89,14,2.51,few clouds
580,Orbetello,IT,2022-04-30 23:25:17,42.4408,11.2196,50.02,74,100,3.29,overcast clouds
581,Tansen,NP,2022-04-30 23:25:17,27.8673,83.5467,59.27,61,19,0.83,few clouds
582,San Lawrenz,MT,2022-04-30 23:25:17,36.0553,14.204,60.85,86,78,5.01,broken clouds
583,Canete,CL,2022-04-30 23:25:18,-37.8,-73.4,47.88,79,0,4.94,clear sky
584,Marshfield,US,2022-04-30 23:25:18,44.6689,-90.1718,45.48,93,100,16.11,thunderstorm with light rain
585,Rawlins,US,2022-04-30 23:25:18,41.7911,-107.2387,55.35,28,0,6.91,clear sky
586,Svetlogorsk,BY,2022-04-30 23:25:19,52.6333,29.7333,39.02,64,21,4.27,few clouds
587,Prince George,CA,2022-04-30 23:25:19,53.9166,-122.753,61.25,30,0,6.91,clear sky
588,Rupert,US,2022-04-30 23:25:20,42.6191,-113.6772,60.75,33,75,14.97,broken clouds
589,El Fuerte,MX,2022-04-30 23:25:20,26.4189,-108.6194,92.84,16,79,13.53,broken clouds
590,Enshi,CN,2022-04-30 23:25:20,30.3,109.4833,55.36,94,100,0.27,overcast clouds
591,Agirish,RU,2022-04-30 23:25:21,61.9247,63.0231,30.43,76,45,9.33,scattered clouds
592,Bridgwater,GB,2022-04-30 23:25:21,51.1284,-3.0036,52.52,79,100,4.36,overcast clouds
593,At-Bashi,KG,2022-04-30 23:25:22,41.1702,75.8106,44.67,57,19,7.54,few clouds
594,Kendrapara,IN,2022-04-30 23:25:22,20.5042,86.416,78.17,94,29,3.4,scattered clouds
595,Zhigansk,RU,2022-04-30 23:25:22,66.7697,123.3711,31.15,96,100,27.0,light snow
596,Imatra,FI,2022-04-30 23:25:23,61.1719,28.7524,37.78,71,100,5.01,overcast clouds
597,Almeirim,BR,2022-04-30 23:25:23,-1.5233,-52.5817,75.36,95,73,2.68,broken clouds
598,Kalabo,ZM,2022-04-30 23:25:24,-14.97,22.6814,60.73,57,1,4.07,clear sky
599,Kloulklubed,PW,2022-04-30 23:25:24,7.0419,134.2556,79.3,74,80,9.8,broken clouds
600,Caucaia,BR,2022-04-30 23:25:25,-3.7361,-38.6531,80.55,76,20,8.05,few clouds
601,Peniche,PT,2022-04-30 23:25:25,39.3558,-9.3811,60.3,92,10,12.33,clear sky
602,Tromso,NO,2022-04-30 23:25:26,69.6496,18.957,30.38,86,75,6.91,broken clouds
603,Swan River,CA,2022-04-30 23:25:26,52.1058,-101.2676,55.29,41,100,14.97,overcast clouds
604,Khor,RU,2022-04-30 23:25:27,47.8861,134.9464,38.05,83,100,13.51,overcast clouds
605,Dolinsk,RU,2022-04-30 23:25:27,47.35,142.8,42.91,50,33,2.28,scattered clouds
606,Vaitape,PF,2022-04-30 23:25:28,-16.5167,-151.75,81.28,72,11,14.07,light rain
607,Fort Dix,US,2022-04-30 23:25:28,40.0298,-74.6185,67.68,21,0,5.75,clear sky
608,Nantucket,US,2022-04-30 23:21:34,41.2835,-70.0995,51.91,69,0,5.75,clear sky
609,Leshukonskoye,RU,2022-04-30 23:25:29,64.8989,45.7622,19.9,94,55,4.0,broken clouds
610,Bar Harbor,US,2022-04-30 23:25:29,44.3876,-68.2039,51.94,55,100,9.22,overcast clouds
611,Khvorostyanka,RU,2022-04-30 23:25:30,52.6096,48.9597,41.85,83,35,9.4,scattered clouds
612,Cabo Rojo,PR,2022-04-30 23:25:30,18.0866,-67.1457,78.39,90,100,1.99,moderate rain
613,Yambio,SS,2022-04-30 23:25:31,4.5721,28.3955,66.09,86,97,5.06,overcast clouds
614,Am Timan,TD,2022-04-30 23:25:31,11.0297,20.2827,90.34,28,73,3.6,broken clouds
615,Rio Grande,BR,2022-04-30 23:25:31,-32.035,-52.0986,58.95,71,46,3.18,scattered clouds
616,Zhoucheng,CN,2022-04-30 23:25:32,35.9122,116.3117,52.84,50,95,8.03,overcast clouds
617,Ulagan,RU,2022-04-30 23:25:32,50.6321,87.9563,42.4,53,100,2.35,overcast clouds
618,Nuuk,GL,2022-04-30 23:25:32,64.1835,-51.7216,27.21,68,20,16.11,few clouds
619,Cockburn Town,TC,2022-04-30 23:25:33,21.4612,-71.1419,76.96,65,40,14.97,scattered clouds
620,Pullman,US,2022-04-30 23:25:33,46.7313,-117.1796,53.83,62,100,13.8,overcast clouds
621,Alekseyevskoye,RU,2022-04-30 23:25:33,55.3071,50.1135,36.79,90,92,7.54,overcast clouds
622,Aripuana,BR,2022-04-30 23:23:58,-9.1667,-60.6333,78.3,76,100,2.06,overcast clouds
623,Manokwari,ID,2022-04-30 23:25:35,-0.8667,134.0833,77.92,85,100,7.74,overcast clouds
624,Panguna,PG,2022-04-30 23:25:35,-6.3164,155.4848,80.42,63,100,1.16,overcast clouds
625,Coihaique,CL,2022-04-30 23:25:35,-45.5752,-72.0662,46.35,81,75,5.75,broken clouds
626,Pemangkat,ID,2022-04-30 23:25:36,1.1667,108.9667,78.51,85,100,4.03,overcast clouds
627,Lata,PT,2022-04-30 23:25:36,40.1629,-8.3327,52.34,87,0,2.04,clear sky
628,Dobsina,SK,2022-04-30 23:25:36,48.8207,20.3699,51.91,77,100,2.15,overcast clouds
629,Oparino,RU,2022-04-30 23:25:37,59.8518,48.2783,21.87,94,13,4.03,few clouds
630,Santa Vitoria Do Palmar,BR,2022-04-30 23:25:37,-33.5189,-53.3681,55.08,73,100,4.97,overcast clouds
631,Derzhavinsk,KZ,2022-04-30 23:25:38,51.1,66.3167,57.67,68,96,8.79,overcast clouds
632,Naze,JP,2022-04-30 23:25:38,28.3667,129.4833,65.32,75,100,16.17,moderate rain
633,Kita,ML,2022-04-30 23:25:39,13.0349,-9.4895,92.1,32,68,0.87,broken clouds
634,Kulhudhuffushi,MV,2022-04-30 23:25:39,6.6221,73.07,85.3,72,100,11.83,overcast clouds
635,Flinders,AU,2022-04-30 23:25:39,-34.5833,150.8552,63.05,71,0,5.99,clear sky
636,Matay,EG,2022-04-30 23:25:40,28.419,30.7792,70.21,49,0,10.33,clear sky
637,Wajima,JP,2022-04-30 23:25:40,37.4,136.9,50.68,93,75,2.3,light intensity shower rain
638,Turukhansk,RU,2022-04-30 23:25:41,65.8167,87.9833,11.16,96,82,7.38,broken clouds
639,Qandala,SO,2022-04-30 23:25:41,11.472,49.8728,85.93,70,20,1.7,few clouds
640,Aksu,CN,2022-04-30 23:25:41,41.1231,80.2644,59.29,20,100,4.99,overcast clouds
641,Loa Janan,ID,2022-04-30 23:25:42,-0.583,117.095,74.79,99,100,2.48,overcast clouds
642,Taonan,CN,2022-04-30 23:25:42,45.3333,122.7833,44.96,32,20,10.56,few clouds
643,Viedma,AR,2022-04-30 23:25:43,-40.8135,-62.9967,54.09,42,92,7.16,overcast clouds
644,Vostok,RU,2022-04-30 23:25:43,46.4856,135.8833,39.42,55,100,7.61,overcast clouds
645,Almenara,BR,2022-04-30 23:25:43,-16.1836,-40.6944,73.8,76,92,1.45,light rain
646,Wajir,KE,2022-04-30 23:25:44,1.7471,40.0573,78.53,80,79,10.71,broken clouds
647,Bonthe,SL,2022-04-30 23:25:44,7.5264,-12.505,80.65,81,61,5.28,broken clouds
648,Ruteng,ID,2022-04-30 23:25:44,-8.6136,120.4721,64.98,85,98,1.68,overcast clouds
649,Seymchan,RU,2022-04-30 23:25:45,62.8833,152.4333,25.05,87,61,4.27,broken clouds
650,Antropovo,RU,2022-04-30 23:25:45,58.3988,43.0066,26.2,86,10,5.06,clear sky
651,Alto Piquiri,BR,2022-04-30 23:25:45,-24.0281,-53.4406,69.1,85,13,6.06,few clouds
652,Toamasina,MG,2022-04-30 23:25:46,-18.1667,49.3833,70.34,91,5,4.29,clear sky
653,Santa Marinella,IT,2022-04-30 23:25:46,42.0345,11.8536,56.71,63,37,4.5,scattered clouds
654,Vung Tau,VN,2022-04-30 23:25:47,10.346,107.0843,80.89,81,100,7.49,light rain
655,Wawa,NG,2022-04-30 23:25:47,9.9022,4.4192,85.26,51,48,3.51,light rain
656,Tadine,NC,2022-04-30 23:25:47,-21.55,167.8833,76.41,84,100,18.25,overcast clouds
657,Sebu,PH,2022-04-30 23:25:48,6.22,124.6936,71.83,89,60,1.34,broken clouds
658,Aleksandrov Gay,RU,2022-04-30 23:25:48,50.147,48.5704,52.07,58,97,8.52,overcast clouds
659,Kargasok,RU,2022-04-30 23:25:48,59.0556,80.8572,29.68,80,99,6.89,overcast clouds
660,Yatou,CN,2022-04-30 23:25:49,37.15,122.3833,52.03,37,16,10.18,few clouds
661,Guisa,CU,2022-04-30 23:25:49,20.255,-76.5386,72.99,86,86,1.99,moderate rain
662,Hirara,JP,2022-04-30 23:25:50,24.8,125.2833,75.06,94,75,14.97,broken clouds
663,Nabire,ID,2022-04-30 23:25:50,-3.3667,135.4833,77.86,87,61,2.8,broken clouds
664,Koraput,IN,2022-04-30 23:25:50,18.8167,82.7167,78.76,35,15,5.08,few clouds
665,Dingle,PH,2022-04-30 23:25:51,10.9995,122.6711,79.32,83,100,6.24,overcast clouds
666,Neiafu,TO,2022-04-30 23:25:51,-18.65,-173.9833,84.88,79,75,0.0,broken clouds
667,Disraeli,CA,2022-04-30 23:25:52,45.9001,-71.3491,45.09,69,93,6.98,overcast clouds
668,Kigoma,TZ,2022-04-30 23:25:52,-4.8769,29.6267,72.3,81,73,3.42,light rain
669,Necochea,AR,2022-04-30 23:25:53,-38.5473,-58.7368,50.11,54,7,8.63,clear sky
670,San Rafael,AR,2022-04-30 23:25:53,-34.6177,-68.3301,58.01,41,0,6.13,clear sky
671,Ambon,ID,2022-04-30 23:25:53,-3.6954,128.1814,84.34,79,40,3.44,scattered clouds
672,Mahajanga,MG,2022-04-30 23:25:54,-15.7167,46.3167,77.11,81,1,8.1,light rain
673,Vitim,RU,2022-04-30 23:25:54,59.4511,112.5578,39.2,99,100,6.49,light rain
674,Nemuro,JP,2022-04-30 23:25:54,43.3236,145.575,40.21,57,97,4.97,overcast clouds
675,Mitsamiouli,KM,2022-04-30 23:25:55,-11.3847,43.2844,77.94,88,42,10.56,heavy intensity rain
676,Pisco,PE,2022-04-30 23:25:55,-13.7,-76.2167,66.25,77,0,20.71,clear sky
677,Alyangula,AU,2022-04-30 23:25:55,-13.8483,136.4192,84.07,70,50,6.91,scattered clouds
678,Axim,GH,2022-04-30 23:21:24,4.8699,-2.2405,80.26,86,82,7.43,broken clouds
679,Lindi,TZ,2022-04-30 23:25:56,-10.0,39.7167,70.25,93,4,4.29,clear sky
680,Melnikovo,RU,2022-04-30 23:25:56,56.5558,84.085,38.25,82,100,9.37,overcast clouds
681,Elizabeth City,US,2022-04-30 23:25:57,36.2946,-76.2511,60.03,74,100,4.61,overcast clouds
682,Sobolevo,RU,2022-04-30 23:25:57,54.4299,31.8996,37.62,68,51,3.83,broken clouds
683,Mogoytuy,RU,2022-04-30 23:25:58,51.2833,114.9167,42.51,76,59,4.83,light rain
684,Kendari,ID,2022-04-30 23:25:58,-3.945,122.4989,77.43,90,27,1.99,scattered clouds
685,Ampanihy,MG,2022-04-30 23:25:59,-24.7,44.75,65.95,88,4,5.73,clear sky
686,Mahanoro,MG,2022-04-30 23:26:00,-19.9,48.8,69.62,87,1,4.21,clear sky
687,Walsrode,DE,2022-04-30 23:26:00,52.8667,9.6,51.1,77,96,5.23,overcast clouds
688,Terrace Bay,CA,2022-04-30 23:26:01,48.7834,-87.1,43.25,80,100,6.8,overcast clouds
689,Cheremushskiy,RU,2022-04-30 23:26:01,61.2731,47.2636,25.38,80,11,4.09,few clouds
690,Pobe,BJ,2022-04-30 23:26:02,6.9801,2.6649,76.05,86,38,4.25,scattered clouds
691,Ust-Kulom,RU,2022-04-30 23:26:02,61.6864,53.6902,28.99,94,100,3.98,overcast clouds
692,Yima,CN,2022-04-30 23:26:02,34.7381,111.8839,50.68,57,100,6.76,overcast clouds
693,Edmundston,CA,2022-04-30 23:26:03,47.3737,-68.3251,45.73,57,100,8.05,overcast clouds
694,Siocon,PH,2022-04-30 23:26:03,7.7061,122.1353,80.67,83,82,4.18,broken clouds
695,Calamar,CO,2022-04-30 23:26:04,10.2511,-74.9146,84.45,74,100,6.58,overcast clouds
696,Port Macquarie,AU,2022-04-30 23:26:05,-31.4333,152.9167,68.9,71,4,9.24,clear sky
697,Galveston,US,2022-04-30 23:26:05,29.3669,-94.9669,84.31,82,75,13.8,broken clouds
